A78720;Almuts alternatives Möbelhaus;Österreich;Tirol;Hintertux
G50636;Alstermöbel;Deutschland;Hamburg;Hamburg
G19389;Badische Büromöbel GmbH;Deutschland;Baden-Württemberg;Freiburg im Breisgau
G12521;Berliner Möbelhaus;Deutschland;Berlin;Berlin
G94909;Biomöbel Gera;Deutschland;Thüringen;Gera
G11597;Breitlingcenter;Deutschland;Mecklenburg-Vorpommern;Rostock
C43862;Bureau Barchel;Schweiz;Genf;Genf
G40921;Büro Mayer;Deutschland;Hessen;Offenbach am Main
G47064;Büroausstattung am Stachus;Deutschland;Bayern;München
G54608;Büroausstattung Ilmtal;Deutschland;Thüringen;Apolda
G57566;Büroausstattung Murkel;Deutschland;Nordrhein-Westfalen;Paderborn
G12669;Büroaustattung Balzer;Deutschland;Hessen;Frankfurt am Main
G81545;Bürocenter;Deutschland;Bremen;Bremen
G27496;Bürocenter Rödelheim;Deutschland;Hessen;Frankfurt am Main
G37556;Bürocenter St. Pirmin;Deutschland;Rheinland-Pfalz;Pirmasens
A22464;Bürocenter Tirol;Österreich;Tirol;Innsbruck
G76169;Büro-Discount;Deutschland;Thüringen;Erfurt
G71776;Bürohaus Hauser;Deutschland;Brandenburg;Cottbus
C56177;Bürohaus Pilatus;Schweiz;Luzern;Beromünster
G40900;Büromeister GmbH;Deutschland;Hamburg;Hamburg
G81176;Büromöbel Karly;Deutschland;Sachsen-Anhalt;Zerbst
G69092;Büromöbelzentrum;Deutschland;Sachsen-Anhalt;Magdeburg
A28564;Carynthia Firmenausstattung;Österreich;Kärnten;Klagenfurt
A18795;Donau Büroeinrichtungen;Österreich;Oberösterreich;Linz
G43061;Donau-Inn-Ilz Möbelhaus;Deutschland;Bayern;Passau
C97012;Eidgenössisches Einrichtungshaus;Schweiz;Thurgau;Winterthur
G84733;Emscher-Bürocenter;Deutschland;Nordrhein-Westfalen;Dortmund
G85108;Frisia Büro;Deutschland;Niedersachsen;Aurich
G90974;Fugger Bürocenter;Deutschland;Bayern;Augsburg
G24203;Goethe-Möbel;Deutschland;Thüringen;Weimar
G34704;Ilmenauer & Co.;Deutschland;Saarland;Saarlouis
G27063;Jeetzedesign;Deutschland;Sachsen-Anhalt;Salzwedel
G68015;Jugendmöbel;Deutschland;Hessen;Darmstadt
G53218;Kaiser-Friedrich-Möbel;Deutschland;Hessen;Wiesbaden
G99787;KdO;Deutschland;Berlin;Berlin
G58369;Kultsofa KG;Deutschland;Rheinland-Pfalz;Mainz
G45848;LifeStyleTemple;Deutschland;Berlin;Berlin
G21026;Luidolf-Einrichtungen GmbH;Deutschland;Sachsen-Anhalt;Quedlinburg
G38379;Mannis Möbelscheune;Deutschland;Nordrhein-Westfalen;Aachen
G60846;Möbel Döbel;Deutschland;Saarland;Dillingen
G37221;Möbel Engert;Deutschland;Hessen;Frankfurt am Main
G14537;Möbel Schulze;Deutschland;Bremen;Bremen
G86382;Möbelcenter Wilhelmshöhe;Deutschland;Hessen;Kassel
G42725;Möbel-Dreyer;Deutschland;Brandenburg;Potsdam
G14119;Möbelfleet;Deutschland;Schleswig-Holstein;Kiel
G99918;Möbelhansa;Deutschland;Hamburg;Hamburg
A40530;Möbelhaus am Donaukanal;Österreich;Wien;Wien
G32553;Möbelhaus Bad Doberan;Deutschland;Mecklenburg-Vorpommern;Bad Doberan
G10936;Möbelhaus Borsche;Deutschland;Baden-Württemberg;Stuttgart
G18746;Möbelhaus Deutsches Eck;Deutschland;Rheinland-Pfalz;Koblenz
G32469;Möbelhaus Heinkel;Deutschland;Mecklenburg-Vorpommern;Rostock
G32433;Möbelhaus Heinkel;Deutschland;Mecklenburg-Vorpommern;Rostock
G32435;Möbelhaus Heinkel;Deutschland;Mecklenburg-Vorpommern;Rostock
G45958;Möbelhaus Morath;Deutschland;Schleswig-Holstein;Lübeck
G82574;Möbelhaus Niederschlesien;Deutschland;Sachsen;Görlitz
G82575;Möbelhaus Niederschlesien;Deutschland;Sachsen;Görlitz
G83719;Möbelhaus Pfleiderer;Deutschland;Baden-Württemberg;Ulm
G26457;Möbelhaus Spatz;Deutschland;Bayern;Regensburg
G38050;Möbelstube Degehardt;Deutschland;Nordrhein-Westfalen;Köln
G68073;Möbelwiese;Deutschland;Rheinland-Pfalz;Ludwigshafen
G26207;Möbelzeche;Deutschland;Nordrhein-Westfalen;Recklinghausen
C80519;Mobili Ticino;Schweiz;Tessin;Lugano
A75281;Mödlinger Möbelhaus;Österreich;Wien;Wien
A50940;Mozart Möbel;Österreich;Salzburg;Salzburg
G97077;Neckar-Büro OHG;Deutschland;Baden-Württemberg;Tübingen
G31341;Otto GmbH;Deutschland;Brandenburg;Havelberg
G33334;Saarmöbel;Deutschland;Saarland;Saarbrücken
G53965;Schreinerei Radtke;Deutschland;Sachsen;Hoyerswerda
G49580;Schreinerei Schröder;Deutschland;Niedersachsen;Hannover
G13875;Schweriner Möbelhaus;Deutschland;Mecklenburg-Vorpommern;Schwerin
G68893;Semper-Möbel;Deutschland;Sachsen;Dresden
G84129;Stolz KG;Deutschland;Brandenburg;Potsdam
G32183;Trifels Möbel;Deutschland;Rheinland-Pfalz;Annweiler
G61852;Wachwitzmöbel;Deutschland;Sachsen;Dresden
G91219;Wannsee-Büro GmbH;Deutschland;Berlin;Berlin
G79097;Weserbüro OHG;Deutschland;Bremen;Bremen
C36206;Wettstein Möbel;Schweiz;Basel-Stadt;Basel
C74802;Wohnhaus an der Limmat;Schweiz;Zürich;Zürich
C97126;Zähringer-Möbel;Schweiz;Bern;Bern
